, Adaptability, All Around Friendliness, Exercise Needs, Health Grooming, Trainability,Adapts Well to Apartment Living,Affectionate with Family,Amount Of Shedding,Dog Friendly,Drooling Potential,Easy To Groom,Easy To Train,Energy Level,Exercise Needs,Friendly Toward Strangers,General Health,Good For Novice Owners,Incredibly Kid Friendly Dogs,Intelligence,Intensity,Potential For Mouthiness,Potential For Playfulness,Potential For Weight Gain,Prey Drive,Sensitivity Level,Size,Tendency To Bark Or Howl,Tolerates Being Alone,Tolerates Cold Weather,Tolerates Hot Weather,Wanderlust Potential
affenpinscher,3.0,3.0,4.0,2.0,3.0,5.0,5.0,1.0,4.0,1.0,3.0,2.0,4.0,3.0,3.0,4.0,4.0,1.0,4.0,3.0,4.0,4.0,3.0,3.0,3.0,1.0,2.0,1.0,3.0,3.0,2.0
afghan-hound,4.0,4.0,4.0,2.0,3.0,5.0,5.0,4.0,4.0,1.0,1.0,1.0,5.0,4.0,2.0,3.0,3.0,5.0,4.0,2.0,3.0,4.0,1.0,5.0,5.0,4.0,2.0,2.0,5.0,5.0,5.0
airedale-terrier,2.0,4.0,5.0,3.0,5.0,1.0,4.0,2.0,4.0,1.0,2.0,4.0,5.0,5.0,3.0,3.0,2.0,4.0,5.0,3.0,5.0,5.0,4.0,5.0,3.0,3.0,4.0,2.0,3.0,3.0,4.0
akita,3.0,2.0,4.0,4.0,4.0,2.0,5.0,5.0,1.0,5.0,1.0,2.0,4.0,4.0,2.0,4.0,2.0,1.0,3.0,3.0,3.0,5.0,4.0,4.0,5.0,4.0,5.0,1.0,5.0,2.0,4.0
alaskan-klee-kai,3.0,3.0,4.0,3.0,4.0,3.0,4.0,4.0,2.0,2.0,4.0,4.0,4.0,4.0,2.0,4.0,2.0,3.0,4.0,2.0,2.0,4.0,2.0,5.0,4.0,2.0,3.0,2.0,5.0,2.0,4.0
alaskan-malamute,2.0,4.0,5.0,3.0,4.0,1.0,4.0,5.0,2.0,1.0,1.0,4.0,5.0,5.0,5.0,4.0,1.0,3.0,4.0,5.0,3.0,5.0,3.0,4.0,4.0,4.0,5.0,1.0,5.0,2.0,5.0
american-bulldog,2.0,3.0,4.0,3.0,3.0,1.0,5.0,1.0,2.0,4.0,4.0,4.0,4.0,4.0,2.0,3.0,1.0,4.0,3.0,4.0,2.0,4.0,2.0,4.0,4.0,4.0,2.0,1.0,2.0,2.0,3.0
american-english-coonhound,3.0,5.0,5.0,3.0,5.0,1.0,5.0,3.0,4.0,1.0,5.0,5.0,5.0,5.0,5.0,4.0,2.0,5.0,4.0,5.0,3.0,5.0,3.0,5.0,5.0,3.0,5.0,2.0,4.0,4.0,5.0
american-eskimo-dog,4.0,5.0,4.0,3.0,4.0,5.0,5.0,5.0,5.0,1.0,3.0,5.0,5.0,4.0,4.0,5.0,4.0,5.0,4.0,3.0,3.0,5.0,4.0,3.0,4.0,2.0,4.0,2.0,5.0,3.0,3.0
american-foxhound,2.0,5.0,5.0,4.0,4.0,1.0,4.0,3.0,5.0,1.0,5.0,2.0,5.0,5.0,4.0,5.0,2.0,5.0,3.0,4.0,3.0,5.0,5.0,4.0,2.0,3.0,5.0,1.0,4.0,4.0,5.0
american-pit-bull-terrier,3.0,4.0,5.0,3.0,4.0,3.0,5.0,4.0,1.0,1.0,5.0,4.0,4.0,4.0,5.0,4.0,2.0,5.0,4.0,5.0,5.0,5.0,3.0,3.0,4.0,3.0,3.0,1.0,2.0,3.0,4.0
american-staffordshire-terrier,2.0,4.0,4.0,3.0,4.0,2.0,4.0,2.0,2.0,3.0,4.0,4.0,3.0,3.0,4.0,3.0,2.0,4.0,4.0,5.0,5.0,4.0,2.0,3.0,3.0,3.0,4.0,2.0,2.0,3.0,3.0
american-water-spaniel,3.0,4.0,4.0,3.0,4.0,2.0,5.0,3.0,2.0,1.0,3.0,4.0,5.0,5.0,3.0,3.0,2.0,5.0,3.0,2.0,5.0,5.0,3.0,2.0,5.0,3.0,3.0,1.0,2.0,4.0,5.0
anatolian-shepherd-dog,3.0,2.0,3.0,3.0,3.0,1.0,3.0,2.0,2.0,3.0,4.0,4.0,3.0,3.0,1.0,3.0,2.0,2.0,4.0,3.0,2.0,3.0,3.0,2.0,4.0,5.0,2.0,3.0,5.0,3.0,4.0
appenzeller-sennenhunde,3.0,4.0,4.0,3.0,4.0,1.0,5.0,3.0,3.0,1.0,5.0,4.0,4.0,5.0,2.0,4.0,3.0,5.0,4.0,4.0,5.0,4.0,3.0,3.0,3.0,3.0,5.0,1.0,5.0,4.0,3.0
australian-cattle-dog,3.0,4.0,5.0,3.0,4.0,2.0,5.0,3.0,4.0,1.0,4.0,5.0,5.0,5.0,2.0,5.0,1.0,3.0,5.0,5.0,5.0,5.0,4.0,4.0,4.0,3.0,2.0,3.0,4.0,4.0,4.0
australian-kelpie,3.0,3.0,4.0,3.0,5.0,2.0,4.0,3.0,3.0,1.0,4.0,5.0,5.0,5.0,2.0,3.0,2.0,2.0,5.0,3.0,5.0,4.0,2.0,4.0,4.0,3.0,4.0,2.0,3.0,5.0,4.0
australian-shepherd,3.0,4.0,5.0,2.0,5.0,1.0,5.0,3.0,5.0,1.0,1.0,5.0,5.0,5.0,3.0,2.0,2.0,4.0,5.0,4.0,4.0,5.0,4.0,4.0,5.0,3.0,4.0,2.0,4.0,4.0,5.0
australian-terrier,3.0,3.0,5.0,3.0,4.0,5.0,4.0,1.0,2.0,1.0,5.0,3.0,5.0,4.0,3.0,5.0,3.0,3.0,4.0,5.0,1.0,5.0,3.0,5.0,2.0,1.0,5.0,2.0,3.0,4.0,4.0
azawakh,3.0,3.0,3.0,3.0,3.0,5.0,4.0,3.0,3.0,1.0,5.0,3.0,3.0,4.0,2.0,3.0,2.0,2.0,3.0,2.0,3.0,3.0,3.0,4.0,3.0,3.0,1.0,3.0,1.0,5.0,2.0
barbet,3.0,4.0,4.0,2.0,3.0,3.0,5.0,2.0,4.0,1.0,1.0,4.0,5.0,3.0,3.0,4.0,2.0,4.0,4.0,3.0,2.0,4.0,3.0,3.0,3.0,3.0,3.0,1.0,4.0,4.0,3.0
basenji,4.0,5.0,3.0,3.0,4.0,5.0,5.0,1.0,4.0,5.0,5.0,1.0,5.0,5.0,5.0,2.0,4.0,5.0,4.0,1.0,5.0,2.0,2.0,5.0,3.0,2.0,1.0,4.0,1.0,4.0,5.0
basset-hound,3.0,5.0,2.0,4.0,4.0,5.0,5.0,4.0,5.0,4.0,5.0,2.0,2.0,2.0,5.0,1.0,4.0,5.0,4.0,2.0,3.0,2.0,5.0,5.0,4.0,2.0,4.0,3.0,2.0,2.0,5.0
beagle,3.0,5.0,5.0,3.0,4.0,4.0,5.0,3.0,5.0,1.0,4.0,1.0,4.0,4.0,5.0,1.0,3.0,5.0,4.0,5.0,3.0,5.0,5.0,5.0,4.0,2.0,5.0,1.0,2.0,4.0,5.0
bearded-collie,3.0,5.0,4.0,3.0,4.0,3.0,5.0,4.0,5.0,1.0,2.0,5.0,4.0,4.0,4.0,3.0,4.0,4.0,4.0,4.0,3.0,5.0,4.0,3.0,4.0,3.0,3.0,2.0,4.0,3.0,5.0
bedlington-terrier,4.0,5.0,4.0,3.0,4.0,4.0,5.0,5.0,4.0,1.0,1.0,3.0,4.0,4.0,5.0,4.0,4.0,4.0,5.0,2.0,4.0,5.0,3.0,5.0,3.0,3.0,3.0,3.0,4.0,3.0,4.0
belgian-malinois,3.0,4.0,5.0,3.0,4.0,1.0,5.0,2.0,2.0,1.0,5.0,5.0,5.0,5.0,3.0,4.0,3.0,4.0,5.0,4.0,3.0,5.0,2.0,4.0,5.0,4.0,2.0,3.0,4.0,4.0,3.0
belgian-sheepdog,4.0,5.0,5.0,3.0,4.0,3.0,4.0,5.0,5.0,1.0,3.0,5.0,5.0,5.0,4.0,3.0,3.0,5.0,5.0,3.0,2.0,5.0,2.0,5.0,5.0,4.0,1.0,3.0,4.0,3.0,4.0
belgian-tervuren,3.0,3.0,4.0,3.0,4.0,3.0,4.0,4.0,3.0,1.0,3.0,5.0,5.0,4.0,3.0,3.0,3.0,3.0,5.0,3.0,2.0,5.0,2.0,2.0,5.0,4.0,5.0,1.0,4.0,3.0,4.0
berger-picard,4.0,4.0,5.0,4.0,3.0,3.0,5.0,4.0,3.0,1.0,5.0,4.0,5.0,5.0,2.0,5.0,4.0,5.0,4.0,3.0,2.0,5.0,3.0,3.0,5.0,4.0,2.0,3.0,4.0,3.0,2.0
bernedoodle,3.0,4.0,4.0,3.0,4.0,3.0,5.0,1.0,4.0,2.0,3.0,4.0,4.0,3.0,3.0,4.0,3.0,5.0,5.0,3.0,4.0,5.0,3.0,3.0,4.0,3.0,3.0,2.0,5.0,3.0,3.0
bernese-mountain-dog,2.0,5.0,4.0,4.0,4.0,1.0,5.0,5.0,3.0,4.0,3.0,4.0,4.0,3.0,5.0,1.0,2.0,5.0,4.0,3.0,5.0,4.0,4.0,5.0,4.0,5.0,4.0,1.0,5.0,1.0,3.0
bichon-frise,4.0,5.0,4.0,2.0,3.0,5.0,5.0,2.0,4.0,1.0,1.0,5.0,5.0,3.0,5.0,4.0,5.0,4.0,4.0,3.0,3.0,5.0,4.0,4.0,5.0,2.0,2.0,1.0,3.0,4.0,2.0
black-and-tan-coonhound,3.0,5.0,5.0,4.0,4.0,1.0,5.0,5.0,5.0,3.0,4.0,2.0,5.0,5.0,5.0,5.0,2.0,5.0,5.0,5.0,1.0,5.0,5.0,5.0,3.0,3.0,5.0,2.0,4.0,4.0,5.0
black-mouth-cur,3.0,4.0,4.0,3.0,4.0,1.0,5.0,3.0,3.0,2.0,5.0,3.0,4.0,5.0,3.0,4.0,2.0,5.0,4.0,3.0,3.0,4.0,2.0,5.0,4.0,4.0,4.0,2.0,3.0,3.0,4.0
black-russian-terrier,3.0,4.0,5.0,3.0,4.0,3.0,5.0,2.0,2.0,3.0,2.0,4.0,4.0,4.0,3.0,3.0,2.0,5.0,4.0,5.0,4.0,5.0,3.0,3.0,4.0,5.0,3.0,1.0,4.0,3.0,3.0
bloodhound,3.0,5.0,4.0,3.0,4.0,1.0,5.0,4.0,5.0,5.0,1.0,3.0,5.0,5.0,5.0,3.0,2.0,5.0,4.0,4.0,5.0,3.0,3.0,3.0,4.0,4.0,4.0,2.0,3.0,3.0,5.0
blue-lacy,3.0,3.0,5.0,3.0,5.0,1.0,4.0,3.0,2.0,2.0,5.0,5.0,5.0,5.0,2.0,4.0,1.0,3.0,5.0,5.0,4.0,4.0,2.0,5.0,4.0,3.0,5.0,2.0,4.0,5.0,4.0
bluetick-coonhound,3.0,4.0,5.0,3.0,4.0,2.0,5.0,2.0,3.0,2.0,5.0,2.0,5.0,5.0,3.0,4.0,2.0,5.0,4.0,4.0,3.0,5.0,3.0,4.0,5.0,3.0,4.0,2.0,3.0,3.0,5.0
boerboel,2.0,3.0,4.0,4.0,3.0,1.0,4.0,3.0,2.0,4.0,4.0,2.0,3.0,4.0,2.0,4.0,1.0,4.0,4.0,4.0,3.0,4.0,3.0,3.0,3.0,5.0,3.0,2.0,3.0,4.0,4.0
bolognese,3.0,5.0,3.0,2.0,4.0,5.0,5.0,1.0,5.0,1.0,1.0,5.0,3.0,4.0,5.0,5.0,3.0,5.0,4.0,3.0,4.0,3.0,3.0,5.0,5.0,1.0,4.0,2.0,2.0,3.0,1.0
border-collie,3.0,4.0,5.0,3.0,4.0,2.0,5.0,3.0,3.0,1.0,3.0,5.0,5.0,5.0,5.0,2.0,2.0,4.0,5.0,3.0,3.0,5.0,3.0,3.0,5.0,3.0,2.0,1.0,4.0,4.0,3.0
border-terrier,3.0,4.0,5.0,3.0,4.0,4.0,5.0,3.0,2.0,1.0,2.0,3.0,4.0,5.0,5.0,4.0,3.0,4.0,5.0,4.0,5.0,5.0,5.0,5.0,3.0,2.0,1.0,1.0,4.0,3.0,4.0
borzoi,4.0,4.0,2.0,4.0,4.0,5.0,4.0,5.0,4.0,1.0,4.0,3.0,2.0,2.0,4.0,4.0,3.0,3.0,4.0,2.0,3.0,3.0,2.0,5.0,5.0,5.0,2.0,1.0,4.0,3.0,4.0
boston-terrier,4.0,5.0,5.0,3.0,3.0,5.0,4.0,2.0,5.0,1.0,5.0,4.0,4.0,4.0,4.0,4.0,4.0,5.0,4.0,5.0,2.0,5.0,3.0,2.0,5.0,2.0,3.0,3.0,3.0,2.0,5.0
bouvier-des-flandres,3.0,4.0,4.0,3.0,3.0,3.0,5.0,1.0,2.0,1.0,2.0,5.0,4.0,4.0,2.0,3.0,2.0,5.0,4.0,5.0,2.0,4.0,4.0,2.0,4.0,4.0,4.0,2.0,4.0,2.0,2.0
boxer,3.0,4.0,5.0,3.0,3.0,4.0,5.0,4.0,3.0,2.0,5.0,4.0,5.0,5.0,4.0,2.0,3.0,4.0,4.0,5.0,2.0,5.0,4.0,3.0,4.0,3.0,3.0,1.0,2.0,1.0,3.0
boykin-spaniel,3.0,4.0,5.0,3.0,4.0,1.0,5.0,4.0,4.0,1.0,1.0,4.0,5.0,5.0,3.0,2.0,3.0,5.0,4.0,5.0,4.0,4.0,4.0,2.0,4.0,3.0,3.0,3.0,3.0,4.0,4.0
bracco-italiano,3.0,4.0,4.0,3.0,3.0,1.0,5.0,3.0,5.0,3.0,5.0,3.0,4.0,5.0,3.0,2.0,2.0,3.0,4.0,4.0,3.0,3.0,3.0,5.0,4.0,4.0,2.0,3.0,3.0,3.0,3.0
briard,3.0,4.0,4.0,2.0,4.0,3.0,4.0,1.0,5.0,1.0,1.0,4.0,4.0,4.0,2.0,3.0,3.0,5.0,4.0,4.0,2.0,4.0,3.0,3.0,4.0,4.0,4.0,3.0,4.0,3.0,5.0
brittany,3.0,5.0,5.0,4.0,4.0,1.0,5.0,3.0,5.0,5.0,3.0,3.0,5.0,5.0,4.0,4.0,3.0,5.0,5.0,3.0,3.0,5.0,3.0,5.0,5.0,3.0,3.0,1.0,4.0,3.0,4.0
brussels-griffon,3.0,3.0,4.0,3.0,3.0,5.0,5.0,3.0,4.0,3.0,3.0,3.0,5.0,4.0,3.0,3.0,2.0,1.0,4.0,3.0,3.0,5.0,3.0,1.0,5.0,1.0,4.0,1.0,1.0,2.0,5.0
bull-terrier,3.0,5.0,5.0,3.0,4.0,4.0,5.0,3.0,4.0,1.0,5.0,5.0,4.0,5.0,5.0,4.0,4.0,5.0,4.0,5.0,4.0,5.0,5.0,4.0,5.0,2.0,1.0,2.0,1.0,4.0,5.0
bulldog,3.0,4.0,3.0,4.0,2.0,5.0,5.0,3.0,2.0,5.0,5.0,3.0,2.0,3.0,5.0,4.0,4.0,4.0,2.0,3.0,2.0,4.0,5.0,2.0,4.0,2.0,4.0,3.0,1.0,1.0,1.0
bullmastiff,3.0,4.0,4.0,4.0,3.0,3.0,5.0,1.0,4.0,5.0,5.0,3.0,2.0,3.0,3.0,2.0,2.0,5.0,3.0,4.0,3.0,5.0,5.0,3.0,4.0,5.0,4.0,2.0,4.0,2.0,3.0
cairn-terrier,4.0,5.0,5.0,3.0,4.0,5.0,5.0,3.0,4.0,1.0,5.0,2.0,5.0,4.0,4.0,4.0,4.0,5.0,5.0,4.0,3.0,5.0,3.0,4.0,3.0,1.0,4.0,1.0,4.0,4.0,3.0
canaan-dog,4.0,3.0,4.0,3.0,3.0,4.0,4.0,4.0,3.0,1.0,5.0,5.0,4.0,3.0,2.0,5.0,4.0,2.0,4.0,3.0,3.0,4.0,2.0,3.0,4.0,3.0,3.0,3.0,3.0,5.0,2.0
cane-corso,2.0,3.0,4.0,4.0,4.0,1.0,4.0,3.0,3.0,4.0,5.0,4.0,4.0,5.0,2.0,3.0,1.0,2.0,5.0,3.0,2.0,2.0,4.0,5.0,3.0,4.0,3.0,1.0,3.0,4.0,2.0
cardigan-welsh-corgi,4.0,4.0,3.0,3.0,3.0,4.0,5.0,4.0,3.0,1.0,3.0,4.0,3.0,3.0,3.0,4.0,4.0,4.0,5.0,3.0,2.0,4.0,4.0,4.0,4.0,2.0,2.0,3.0,4.0,3.0,3.0
catahoula-leopard-dog,2.0,3.0,4.0,3.0,3.0,1.0,5.0,3.0,1.0,1.0,5.0,2.0,4.0,5.0,1.0,3.0,1.0,3.0,3.0,3.0,3.0,2.0,3.0,1.0,2.0,4.0,3.0,2.0,3.0,3.0,3.0
caucasian-shepherd-dog,3.0,3.0,3.0,4.0,3.0,2.0,4.0,4.0,2.0,4.0,2.0,2.0,2.0,2.0,2.0,3.0,1.0,2.0,4.0,4.0,4.0,3.0,4.0,3.0,2.0,5.0,3.0,3.0,5.0,2.0,2.0
cavalier-king-charles-spaniel,4.0,5.0,4.0,3.0,3.0,5.0,5.0,3.0,5.0,1.0,4.0,4.0,3.0,4.0,5.0,4.0,5.0,5.0,4.0,2.0,3.0,5.0,4.0,3.0,5.0,2.0,3.0,1.0,3.0,2.0,2.0
cesky-terrier,4.0,3.0,3.0,3.0,3.0,5.0,5.0,1.0,2.0,1.0,4.0,4.0,2.0,3.0,3.0,5.0,4.0,3.0,3.0,3.0,3.0,5.0,4.0,2.0,4.0,2.0,3.0,3.0,3.0,3.0,3.0
chesapeake-bay-retriever,3.0,3.0,5.0,4.0,3.0,1.0,5.0,5.0,1.0,3.0,5.0,3.0,5.0,5.0,1.0,4.0,1.0,3.0,4.0,5.0,3.0,4.0,4.0,3.0,3.0,3.0,3.0,2.0,4.0,4.0,4.0
chihuahua,3.0,4.0,3.0,2.0,3.0,5.0,5.0,2.0,2.0,1.0,5.0,4.0,3.0,1.0,2.0,2.0,4.0,5.0,4.0,2.0,3.0,4.0,3.0,3.0,5.0,1.0,3.0,1.0,1.0,2.0,2.0
chinese-crested,3.0,4.0,2.0,2.0,3.0,5.0,4.0,2.0,4.0,1.0,2.0,4.0,2.0,2.0,4.0,5.0,3.0,5.0,3.0,1.0,4.0,3.0,2.0,3.0,5.0,2.0,3.0,1.0,1.0,3.0,1.0
chinese-shar-pei,3.0,2.0,2.0,3.0,3.0,4.0,2.0,5.0,1.0,2.0,5.0,3.0,2.0,3.0,2.0,1.0,2.0,2.0,2.0,1.0,5.0,1.0,4.0,2.0,2.0,3.0,5.0,4.0,2.0,1.0,2.0
chinook,3.0,5.0,3.0,3.0,3.0,4.0,5.0,5.0,5.0,1.0,2.0,4.0,3.0,3.0,4.0,4.0,1.0,5.0,5.0,3.0,3.0,4.0,3.0,2.0,5.0,4.0,2.0,1.0,5.0,4.0,2.0
chow-chow,3.0,1.0,2.0,3.0,2.0,3.0,2.0,1.0,1.0,3.0,1.0,2.0,2.0,2.0,1.0,2.0,2.0,1.0,1.0,2.0,5.0,1.0,4.0,2.0,2.0,4.0,1.0,5.0,5.0,2.0,2.0
clumber-spaniel,4.0,4.0,3.0,4.0,4.0,5.0,5.0,5.0,4.0,5.0,1.0,4.0,3.0,2.0,3.0,2.0,5.0,3.0,3.0,1.0,5.0,5.0,5.0,5.0,4.0,3.0,1.0,2.0,5.0,2.0,4.0
cockapoo,4.0,5.0,4.0,2.0,3.0,4.0,5.0,1.0,5.0,1.0,3.0,4.0,3.0,3.0,4.0,2.0,5.0,4.0,4.0,3.0,2.0,5.0,3.0,3.0,4.0,2.0,2.0,3.0,4.0,4.0,3.0
cocker-spaniel,4.0,4.0,3.0,3.0,4.0,5.0,5.0,3.0,4.0,1.0,1.0,5.0,4.0,3.0,3.0,4.0,3.0,3.0,4.0,2.0,4.0,4.0,4.0,5.0,5.0,2.0,3.0,1.0,4.0,3.0,4.0
collie,4.0,5.0,3.0,3.0,3.0,3.0,5.0,5.0,4.0,1.0,2.0,4.0,3.0,3.0,4.0,3.0,4.0,5.0,4.0,2.0,3.0,4.0,3.0,4.0,5.0,3.0,4.0,2.0,4.0,3.0,1.0
coton-de-tulear,4.0,5.0,3.0,2.0,3.0,5.0,5.0,1.0,5.0,1.0,2.0,3.0,3.0,3.0,5.0,5.0,4.0,5.0,4.0,2.0,3.0,5.0,3.0,1.0,5.0,1.0,2.0,1.0,3.0,3.0,3.0
curly-coated-retriever,3.0,4.0,4.0,3.0,4.0,1.0,5.0,3.0,4.0,2.0,3.0,4.0,5.0,4.0,3.0,2.0,3.0,5.0,5.0,3.0,5.0,5.0,3.0,5.0,3.0,3.0,3.0,3.0,4.0,4.0,4.0
dachshund,3.0,3.0,3.0,3.0,4.0,5.0,4.0,3.0,3.0,1.0,3.0,2.0,3.0,3.0,1.0,2.0,4.0,5.0,4.0,3.0,4.0,4.0,5.0,5.0,4.0,1.0,5.0,3.0,1.0,3.0,5.0
dalmatian,3.0,4.0,5.0,4.0,3.0,2.0,5.0,5.0,4.0,1.0,5.0,4.0,5.0,5.0,3.0,4.0,3.0,4.0,4.0,4.0,2.0,4.0,4.0,2.0,4.0,3.0,2.0,3.0,3.0,4.0,4.0
dandie-dinmont-terrier,3.0,4.0,3.0,2.0,3.0,4.0,5.0,3.0,3.0,1.0,2.0,2.0,3.0,2.0,3.0,3.0,4.0,4.0,3.0,3.0,3.0,4.0,4.0,4.0,3.0,1.0,2.0,2.0,3.0,3.0,3.0
doberman-pinscher,3.0,3.0,4.0,4.0,3.0,3.0,5.0,4.0,1.0,4.0,5.0,5.0,3.0,3.0,3.0,1.0,3.0,3.0,5.0,3.0,2.0,5.0,3.0,1.0,5.0,4.0,1.0,2.0,1.0,4.0,2.0
dogo-argentino,2.0,3.0,4.0,3.0,3.0,1.0,4.0,1.0,2.0,3.0,4.0,2.0,4.0,4.0,2.0,3.0,1.0,2.0,3.0,4.0,2.0,3.0,2.0,5.0,3.0,4.0,2.0,2.0,2.0,4.0,4.0
dogue-de-bordeaux,3.0,3.0,3.0,4.0,3.0,5.0,5.0,3.0,1.0,5.0,5.0,2.0,2.0,5.0,1.0,2.0,1.0,5.0,3.0,2.0,4.0,3.0,4.0,4.0,4.0,4.0,2.0,2.0,3.0,2.0,1.0
dutch-shepherd,3.0,4.0,4.0,3.0,3.0,3.0,4.0,4.0,4.0,2.0,3.0,5.0,4.0,4.0,2.0,4.0,3.0,4.0,4.0,3.0,2.0,4.0,2.0,3.0,3.0,3.0,2.0,2.0,4.0,4.0,2.0
english-cocker-spaniel,4.0,5.0,4.0,3.0,4.0,5.0,5.0,3.0,5.0,1.0,3.0,4.0,5.0,4.0,5.0,4.0,4.0,5.0,5.0,3.0,3.0,5.0,5.0,5.0,5.0,2.0,4.0,1.0,4.0,3.0,4.0
english-foxhound,3.0,4.0,5.0,3.0,4.0,1.0,4.0,3.0,5.0,1.0,5.0,3.0,5.0,5.0,3.0,4.0,2.0,4.0,3.0,4.0,4.0,5.0,2.0,5.0,3.0,3.0,4.0,4.0,3.0,3.0,5.0
english-setter,3.0,5.0,4.0,3.0,4.0,1.0,5.0,3.0,5.0,2.0,3.0,3.0,4.0,5.0,5.0,3.0,3.0,5.0,5.0,2.0,4.0,5.0,5.0,5.0,4.0,3.0,4.0,1.0,4.0,3.0,5.0
english-springer-spaniel,3.0,5.0,5.0,3.0,4.0,1.0,5.0,3.0,5.0,1.0,2.0,5.0,5.0,5.0,4.0,3.0,3.0,5.0,5.0,3.0,3.0,5.0,3.0,5.0,4.0,3.0,3.0,1.0,3.0,4.0,4.0
english-toy-spaniel,3.0,4.0,3.0,3.0,3.0,4.0,5.0,5.0,4.0,2.0,4.0,3.0,3.0,2.0,4.0,2.0,4.0,1.0,3.0,3.0,4.0,4.0,3.0,4.0,4.0,2.0,3.0,1.0,2.0,2.0,2.0
entlebucher-mountain-dog,3.0,4.0,5.0,3.0,4.0,1.0,5.0,3.0,3.0,1.0,5.0,3.0,5.0,5.0,2.0,3.0,2.0,5.0,4.0,4.0,4.0,5.0,3.0,4.0,4.0,3.0,5.0,3.0,4.0,2.0,3.0
field-spaniel,3.0,5.0,5.0,3.0,4.0,1.0,5.0,3.0,4.0,1.0,4.0,5.0,5.0,5.0,4.0,3.0,3.0,5.0,5.0,3.0,3.0,5.0,4.0,4.0,4.0,2.0,2.0,1.0,3.0,4.0,5.0
finnish-lapphund,4.0,5.0,5.0,3.0,4.0,4.0,5.0,3.0,5.0,1.0,4.0,5.0,5.0,4.0,4.0,4.0,4.0,5.0,5.0,5.0,4.0,5.0,4.0,4.0,4.0,3.0,3.0,2.0,5.0,2.0,4.0
finnish-spitz,3.0,5.0,5.0,3.0,4.0,3.0,5.0,4.0,5.0,1.0,2.0,3.0,5.0,5.0,3.0,4.0,3.0,5.0,4.0,4.0,3.0,5.0,3.0,3.0,3.0,3.0,5.0,1.0,5.0,3.0,4.0
flat-coated-retriever,3.0,5.0,5.0,3.0,4.0,1.0,5.0,3.0,5.0,2.0,4.0,4.0,5.0,5.0,5.0,4.0,2.0,5.0,5.0,4.0,3.0,5.0,4.0,3.0,5.0,3.0,4.0,1.0,4.0,4.0,4.0
fox-terrier,3.0,4.0,5.0,2.0,4.0,3.0,4.0,2.0,3.0,1.0,2.0,5.0,5.0,5.0,3.0,4.0,3.0,4.0,5.0,5.0,3.0,5.0,2.0,5.0,3.0,2.0,3.0,3.0,3.0,4.0,3.0
french-bulldog,3.0,4.0,4.0,3.0,3.0,5.0,5.0,3.0,4.0,1.0,5.0,4.0,3.0,2.0,4.0,2.0,5.0,4.0,3.0,4.0,3.0,5.0,4.0,2.0,3.0,2.0,3.0,1.0,2.0,1.0,2.0
german-pinscher,3.0,3.0,5.0,3.0,4.0,3.0,5.0,3.0,2.0,1.0,5.0,4.0,5.0,5.0,2.0,4.0,3.0,3.0,5.0,3.0,3.0,5.0,3.0,5.0,4.0,3.0,3.0,3.0,3.0,4.0,4.0
german-shepherd-dog,3.0,4.0,5.0,4.0,4.0,3.0,5.0,5.0,2.0,1.0,5.0,5.0,5.0,5.0,4.0,4.0,2.0,5.0,5.0,5.0,5.0,5.0,2.0,4.0,5.0,4.0,4.0,2.0,4.0,3.0,2.0
german-shorthaired-pointer,2.0,4.0,5.0,3.0,5.0,1.0,5.0,2.0,4.0,2.0,5.0,5.0,5.0,5.0,3.0,3.0,2.0,5.0,5.0,3.0,4.0,5.0,3.0,5.0,4.0,3.0,3.0,1.0,2.0,4.0,5.0
german-wirehaired-pointer,3.0,3.0,5.0,3.0,4.0,2.0,5.0,2.0,3.0,2.0,4.0,4.0,5.0,5.0,2.0,4.0,3.0,3.0,5.0,4.0,4.0,5.0,3.0,4.0,4.0,4.0,3.0,2.0,3.0,4.0,5.0
giant-schnauzer,2.0,3.0,4.0,3.0,4.0,1.0,5.0,4.0,3.0,1.0,2.0,5.0,5.0,5.0,2.0,4.0,1.0,3.0,4.0,2.0,3.0,5.0,3.0,4.0,4.0,4.0,4.0,2.0,4.0,2.0,4.0
glen-of-imaal-terrier,3.0,4.0,4.0,3.0,4.0,4.0,5.0,1.0,2.0,1.0,5.0,4.0,4.0,4.0,3.0,5.0,2.0,5.0,4.0,5.0,3.0,4.0,3.0,5.0,3.0,1.0,4.0,3.0,3.0,4.0,3.0
goldador,4.0,5.0,5.0,3.0,3.0,2.0,5.0,3.0,5.0,2.0,4.0,4.0,5.0,5.0,5.0,4.0,4.0,5.0,5.0,5.0,2.0,5.0,3.0,1.0,3.0,4.0,1.0,4.0,5.0,4.0,4.0
golden-retriever,3.0,5.0,4.0,4.0,4.0,2.0,5.0,5.0,5.0,4.0,2.0,5.0,5.0,5.0,5.0,2.0,3.0,5.0,5.0,2.0,5.0,5.0,5.0,3.0,5.0,3.0,3.0,1.0,3.0,3.0,2.0
goldendoodle,3.0,5.0,4.0,3.0,3.0,1.0,5.0,2.0,5.0,1.0,4.0,4.0,4.0,5.0,4.0,3.0,4.0,5.0,5.0,3.0,1.0,5.0,3.0,1.0,4.0,4.0,3.0,3.0,3.0,3.0,3.0
gordon-setter,3.0,3.0,4.0,3.0,4.0,2.0,5.0,5.0,2.0,3.0,2.0,5.0,5.0,5.0,3.0,4.0,3.0,3.0,5.0,2.0,3.0,5.0,3.0,4.0,4.0,3.0,5.0,1.0,4.0,3.0,4.0
great-dane,2.0,5.0,5.0,4.0,3.0,1.0,5.0,5.0,5.0,4.0,5.0,5.0,5.0,5.0,5.0,4.0,1.0,5.0,3.0,5.0,2.0,5.0,2.0,3.0,5.0,5.0,4.0,1.0,2.0,3.0,3.0
great-pyrenees,3.0,4.0,5.0,4.0,4.0,1.0,5.0,5.0,4.0,2.0,4.0,1.0,5.0,5.0,3.0,2.0,1.0,4.0,4.0,5.0,2.0,4.0,4.0,5.0,4.0,5.0,5.0,3.0,5.0,3.0,5.0
greater-swiss-mountain-dog,3.0,5.0,4.0,3.0,3.0,1.0,5.0,3.0,5.0,1.0,5.0,3.0,5.0,3.0,3.0,2.0,2.0,5.0,3.0,4.0,3.0,5.0,4.0,4.0,4.0,5.0,4.0,3.0,5.0,1.0,3.0
greyhound,3.0,5.0,4.0,5.0,4.0,4.0,5.0,4.0,4.0,5.0,5.0,5.0,5.0,5.0,5.0,4.0,2.0,5.0,5.0,3.0,4.0,4.0,5.0,5.0,5.0,4.0,2.0,1.0,1.0,5.0,5.0
harrier,3.0,5.0,5.0,3.0,4.0,1.0,4.0,3.0,5.0,1.0,5.0,2.0,5.0,5.0,5.0,5.0,3.0,5.0,4.0,4.0,3.0,5.0,3.0,4.0,2.0,3.0,4.0,3.0,3.0,4.0,5.0
havanese,4.0,5.0,3.0,2.0,3.0,5.0,5.0,2.0,5.0,1.0,1.0,5.0,3.0,3.0,5.0,3.0,5.0,4.0,4.0,2.0,3.0,5.0,4.0,4.0,4.0,2.0,2.0,1.0,3.0,4.0,2.0
ibizan-hound,3.0,5.0,5.0,3.0,4.0,5.0,5.0,3.0,5.0,1.0,5.0,3.0,5.0,5.0,4.0,4.0,3.0,5.0,4.0,3.0,3.0,5.0,1.0,5.0,4.0,3.0,2.0,2.0,1.0,4.0,5.0
icelandic-sheepdog,3.0,3.0,4.0,3.0,3.0,1.0,4.0,5.0,2.0,1.0,1.0,3.0,4.0,4.0,2.0,3.0,1.0,4.0,4.0,5.0,3.0,4.0,3.0,4.0,3.0,3.0,1.0,2.0,5.0,3.0,4.0
irish-red-and-white-setter,3.0,4.0,5.0,2.0,4.0,1.0,5.0,3.0,4.0,1.0,3.0,4.0,5.0,5.0,4.0,2.0,3.0,4.0,4.0,5.0,4.0,5.0,2.0,3.0,4.0,3.0,3.0,1.0,4.0,3.0,4.0
irish-setter,3.0,5.0,5.0,3.0,5.0,1.0,5.0,4.0,5.0,2.0,3.0,4.0,5.0,5.0,5.0,2.0,3.0,5.0,5.0,3.0,5.0,5.0,3.0,5.0,4.0,4.0,4.0,2.0,4.0,3.0,5.0
irish-terrier,3.0,4.0,5.0,3.0,3.0,3.0,5.0,4.0,1.0,1.0,2.0,1.0,5.0,4.0,3.0,5.0,2.0,5.0,4.0,4.0,1.0,5.0,3.0,2.0,3.0,3.0,4.0,2.0,4.0,4.0,3.0
irish-water-spaniel,3.0,5.0,4.0,2.0,4.0,3.0,5.0,1.0,4.0,2.0,3.0,5.0,5.0,5.0,5.0,2.0,2.0,5.0,4.0,3.0,3.0,4.0,3.0,5.0,4.0,3.0,4.0,3.0,4.0,4.0,3.0
irish-wolfhound,2.0,5.0,3.0,3.0,3.0,1.0,5.0,3.0,5.0,1.0,3.0,3.0,2.0,4.0,5.0,1.0,2.0,5.0,4.0,2.0,3.0,4.0,3.0,5.0,3.0,5.0,1.0,2.0,4.0,2.0,3.0
italian-greyhound,3.0,5.0,4.0,3.0,4.0,5.0,5.0,2.0,4.0,1.0,5.0,3.0,4.0,4.0,4.0,3.0,5.0,5.0,3.0,2.0,4.0,4.0,2.0,5.0,5.0,2.0,3.0,1.0,1.0,3.0,3.0
jack-russell-terrier,3.0,5.0,5.0,3.0,4.0,3.0,5.0,3.0,5.0,1.0,3.0,4.0,5.0,5.0,4.0,4.0,2.0,4.0,5.0,5.0,4.0,5.0,4.0,5.0,3.0,2.0,4.0,3.0,4.0,3.0,4.0
japanese-chin,3.0,3.0,2.0,2.0,3.0,5.0,3.0,3.0,3.0,1.0,3.0,3.0,2.0,2.0,4.0,3.0,4.0,3.0,3.0,1.0,4.0,4.0,3.0,3.0,3.0,1.0,3.0,1.0,3.0,2.0,1.0
japanese-spitz,3.0,4.0,3.0,3.0,3.0,4.0,4.0,3.0,4.0,1.0,4.0,4.0,3.0,3.0,2.0,3.0,4.0,5.0,4.0,2.0,2.0,4.0,2.0,2.0,3.0,2.0,4.0,2.0,4.0,3.0,2.0
jindo,3.0,4.0,4.0,3.0,3.0,3.0,5.0,5.0,3.0,1.0,1.0,2.0,4.0,5.0,4.0,4.0,2.0,3.0,5.0,4.0,2.0,4.0,2.0,5.0,3.0,3.0,2.0,2.0,5.0,2.0,5.0
karelian-bear-dog,3.0,3.0,4.0,3.0,4.0,2.0,4.0,3.0,1.0,1.0,4.0,2.0,4.0,4.0,2.0,4.0,1.0,3.0,4.0,5.0,4.0,4.0,2.0,5.0,4.0,3.0,4.0,2.0,5.0,3.0,5.0
keeshond,4.0,5.0,4.0,3.0,3.0,4.0,5.0,5.0,4.0,1.0,3.0,4.0,4.0,3.0,4.0,3.0,4.0,5.0,4.0,3.0,3.0,5.0,4.0,3.0,5.0,3.0,4.0,1.0,5.0,3.0,2.0
kerry-blue-terrier,3.0,4.0,4.0,2.0,4.0,3.0,4.0,1.0,2.0,1.0,2.0,4.0,4.0,5.0,5.0,3.0,2.0,4.0,4.0,4.0,4.0,4.0,3.0,3.0,3.0,3.0,4.0,3.0,4.0,3.0,3.0
komondor,3.0,3.0,3.0,3.0,4.0,2.0,5.0,3.0,1.0,2.0,2.0,4.0,2.0,4.0,1.0,2.0,1.0,3.0,4.0,1.0,3.0,4.0,3.0,2.0,4.0,4.0,5.0,1.0,4.0,3.0,4.0
kooikerhondje,3.0,2.0,5.0,3.0,3.0,4.0,3.0,3.0,2.0,1.0,2.0,1.0,4.0,5.0,2.0,5.0,3.0,2.0,4.0,5.0,3.0,4.0,3.0,3.0,4.0,3.0,3.0,2.0,4.0,3.0,3.0
kuvasz,3.0,2.0,4.0,4.0,2.0,1.0,5.0,4.0,2.0,3.0,4.0,2.0,4.0,5.0,1.0,4.0,1.0,1.0,4.0,4.0,1.0,4.0,4.0,1.0,5.0,5.0,3.0,1.0,5.0,2.0,3.0
labradoodle,4.0,5.0,5.0,3.0,3.0,3.0,5.0,3.0,5.0,1.0,4.0,4.0,5.0,5.0,5.0,4.0,4.0,4.0,4.0,4.0,1.0,5.0,3.0,2.0,3.0,4.0,2.0,4.0,5.0,4.0,3.0
labrador-retriever,3.0,5.0,5.0,4.0,4.0,1.0,5.0,5.0,5.0,3.0,5.0,5.0,5.0,5.0,5.0,3.0,3.0,5.0,5.0,5.0,5.0,5.0,5.0,2.0,5.0,4.0,4.0,2.0,3.0,3.0,3.0
lagotto-romagnolo,3.0,3.0,4.0,2.0,3.0,2.0,3.0,1.0,3.0,2.0,1.0,4.0,4.0,4.0,3.0,4.0,4.0,3.0,4.0,2.0,2.0,4.0,3.0,4.0,3.0,2.0,3.0,3.0,4.0,3.0,3.0
lakeland-terrier,3.0,4.0,4.0,3.0,3.0,4.0,5.0,2.0,3.0,1.0,2.0,2.0,5.0,4.0,3.0,5.0,3.0,4.0,4.0,4.0,1.0,4.0,3.0,4.0,3.0,2.0,2.0,2.0,4.0,4.0,3.0
lancashire-heeler,3.0,3.0,4.0,3.0,3.0,2.0,4.0,3.0,3.0,1.0,4.0,3.0,4.0,3.0,2.0,4.0,2.0,3.0,4.0,4.0,2.0,4.0,4.0,2.0,3.0,1.0,2.0,3.0,3.0,3.0,4.0
leonberger,2.0,4.0,4.0,4.0,3.0,1.0,5.0,5.0,3.0,3.0,4.0,2.0,4.0,4.0,2.0,1.0,1.0,4.0,3.0,4.0,4.0,4.0,4.0,4.0,4.0,5.0,3.0,2.0,5.0,1.0,2.0
lhasa-apso,4.0,3.0,4.0,2.0,3.0,5.0,4.0,3.0,3.0,1.0,1.0,3.0,4.0,3.0,2.0,3.0,5.0,4.0,4.0,3.0,3.0,5.0,3.0,4.0,5.0,1.0,4.0,4.0,3.0,2.0,2.0
lowchen,3.0,5.0,4.0,3.0,4.0,5.0,5.0,3.0,4.0,1.0,3.0,5.0,4.0,4.0,4.0,5.0,4.0,5.0,4.0,3.0,3.0,5.0,3.0,4.0,3.0,1.0,4.0,1.0,3.0,3.0,5.0
maltese,3.0,4.0,3.0,2.0,3.0,5.0,5.0,2.0,4.0,1.0,2.0,4.0,3.0,2.0,2.0,3.0,5.0,3.0,4.0,3.0,3.0,4.0,3.0,4.0,4.0,1.0,2.0,1.0,1.0,3.0,1.0
maltese-shih-tzu,3.0,3.0,3.0,2.0,4.0,5.0,4.0,1.0,3.0,1.0,2.0,4.0,3.0,3.0,3.0,2.0,5.0,3.0,3.0,2.0,4.0,3.0,3.0,5.0,3.0,1.0,4.0,3.0,2.0,2.0,1.0
maltipoo,4.0,4.0,3.0,2.0,4.0,5.0,5.0,1.0,4.0,1.0,3.0,5.0,3.0,2.0,4.0,2.0,5.0,4.0,4.0,3.0,3.0,4.0,2.0,2.0,5.0,2.0,5.0,1.0,2.0,3.0,4.0
manchester-terrier,3.0,3.0,4.0,3.0,3.0,5.0,4.0,3.0,3.0,1.0,5.0,2.0,4.0,4.0,3.0,2.0,3.0,3.0,4.0,4.0,2.0,4.0,4.0,4.0,3.0,2.0,4.0,3.0,1.0,3.0,4.0
mastiff,2.0,4.0,4.0,4.0,2.0,2.0,5.0,3.0,2.0,5.0,3.0,3.0,3.0,4.0,2.0,3.0,1.0,5.0,2.0,3.0,4.0,4.0,4.0,2.0,3.0,5.0,2.0,3.0,4.0,1.0,1.0
miniature-pinscher,3.0,3.0,4.0,3.0,3.0,5.0,5.0,2.0,2.0,1.0,5.0,3.0,4.0,4.0,3.0,3.0,3.0,3.0,3.0,3.0,2.0,5.0,5.0,3.0,5.0,1.0,1.0,2.0,1.0,3.0,5.0
miniature-schnauzer,4.0,4.0,4.0,2.0,4.0,4.0,5.0,2.0,3.0,1.0,2.0,5.0,5.0,5.0,3.0,3.0,3.0,3.0,4.0,3.0,2.0,4.0,4.0,4.0,4.0,2.0,3.0,5.0,4.0,4.0,3.0
mudi,3.0,3.0,4.0,3.0,4.0,2.0,4.0,3.0,2.0,1.0,4.0,5.0,4.0,4.0,2.0,4.0,4.0,2.0,4.0,2.0,3.0,4.0,2.0,4.0,4.0,2.0,4.0,2.0,3.0,3.0,4.0
mutt,3.0,3.0,3.0,3.0,3.0,3.0,4.0,3.0,3.0,3.0,3.0,4.0,3.0,3.0,3.0,4.0,3.0,3.0,4.0,3.0,3.0,3.0,3.0,3.0,3.0,3.0,3.0,3.0,3.0,3.0,3.0
neapolitan-mastiff,2.0,3.0,3.0,4.0,2.0,2.0,5.0,3.0,2.0,5.0,3.0,3.0,3.0,3.0,1.0,2.0,1.0,4.0,3.0,1.0,2.0,4.0,5.0,1.0,4.0,5.0,1.0,1.0,1.0,2.0,1.0
newfoundland,3.0,5.0,3.0,4.0,4.0,1.0,5.0,5.0,4.0,5.0,2.0,5.0,3.0,3.0,4.0,1.0,3.0,5.0,4.0,1.0,3.0,4.0,4.0,4.0,4.0,5.0,4.0,1.0,5.0,2.0,3.0
norfolk-terrier,4.0,5.0,4.0,3.0,3.0,4.0,5.0,1.0,5.0,1.0,4.0,5.0,4.0,4.0,4.0,5.0,5.0,4.0,4.0,4.0,2.0,5.0,5.0,1.0,4.0,1.0,3.0,3.0,4.0,4.0,4.0
norwegian-buhund,3.0,4.0,5.0,3.0,3.0,3.0,5.0,3.0,3.0,1.0,2.0,4.0,4.0,5.0,3.0,4.0,3.0,5.0,3.0,4.0,3.0,5.0,3.0,2.0,3.0,3.0,4.0,4.0,5.0,2.0,4.0
norwegian-elkhound,4.0,4.0,4.0,3.0,4.0,4.0,5.0,5.0,4.0,1.0,3.0,2.0,5.0,5.0,4.0,4.0,4.0,4.0,4.0,3.0,3.0,4.0,4.0,4.0,4.0,3.0,4.0,2.0,5.0,3.0,4.0
norwegian-lundehund,3.0,5.0,5.0,3.0,3.0,1.0,5.0,5.0,5.0,1.0,4.0,4.0,4.0,5.0,5.0,3.0,1.0,5.0,5.0,4.0,3.0,5.0,3.0,2.0,3.0,3.0,1.0,2.0,5.0,3.0,5.0
norwich-terrier,4.0,5.0,5.0,3.0,4.0,5.0,5.0,2.0,5.0,1.0,2.0,4.0,5.0,4.0,5.0,4.0,3.0,5.0,4.0,4.0,4.0,5.0,5.0,3.0,4.0,1.0,4.0,2.0,4.0,4.0,4.0
nova-scotia-duck-tolling-retriever,4.0,5.0,5.0,3.0,4.0,5.0,5.0,3.0,4.0,1.0,5.0,4.0,5.0,5.0,4.0,4.0,3.0,5.0,5.0,3.0,4.0,5.0,4.0,5.0,3.0,3.0,4.0,2.0,4.0,4.0,3.0
old-english-sheepdog,4.0,4.0,4.0,3.0,3.0,5.0,5.0,1.0,4.0,4.0,1.0,3.0,4.0,4.0,4.0,4.0,4.0,4.0,4.0,3.0,2.0,4.0,4.0,3.0,4.0,4.0,1.0,2.0,4.0,2.0,2.0
otterhound,3.0,5.0,5.0,3.0,4.0,1.0,5.0,4.0,5.0,1.0,2.0,2.0,5.0,5.0,4.0,4.0,4.0,5.0,4.0,4.0,3.0,5.0,3.0,5.0,2.0,4.0,2.0,5.0,4.0,3.0,5.0
papillon,3.0,4.0,4.0,2.0,3.0,5.0,5.0,2.0,4.0,1.0,3.0,5.0,4.0,5.0,5.0,3.0,5.0,3.0,4.0,3.0,3.0,5.0,3.0,4.0,3.0,1.0,2.0,1.0,2.0,4.0,1.0
peekapoo,4.0,4.0,3.0,2.0,3.0,5.0,5.0,2.0,4.0,1.0,2.0,3.0,3.0,3.0,3.0,3.0,5.0,4.0,4.0,2.0,4.0,4.0,4.0,3.0,4.0,1.0,4.0,2.0,3.0,2.0,1.0
pekingese,3.0,3.0,2.0,2.0,4.0,5.0,5.0,4.0,2.0,1.0,1.0,3.0,2.0,2.0,2.0,2.0,4.0,2.0,4.0,1.0,3.0,3.0,3.0,5.0,2.0,1.0,4.0,3.0,4.0,1.0,3.0
pembroke-welsh-corgi,4.0,4.0,4.0,3.0,3.0,4.0,5.0,5.0,3.0,1.0,4.0,5.0,4.0,4.0,5.0,3.0,4.0,4.0,5.0,3.0,2.0,4.0,4.0,3.0,4.0,2.0,2.0,3.0,4.0,3.0,2.0
petit-basset-griffon-vendeen,3.0,5.0,5.0,3.0,4.0,4.0,5.0,4.0,5.0,1.0,2.0,1.0,5.0,5.0,5.0,3.0,3.0,5.0,4.0,4.0,3.0,5.0,4.0,5.0,3.0,2.0,5.0,3.0,4.0,3.0,5.0
pharaoh-hound,4.0,5.0,3.0,3.0,4.0,4.0,5.0,2.0,5.0,1.0,4.0,3.0,2.0,4.0,4.0,5.0,4.0,5.0,4.0,3.0,4.0,4.0,3.0,5.0,5.0,3.0,4.0,2.0,1.0,5.0,4.0
plott,2.0,4.0,4.0,3.0,4.0,1.0,4.0,2.0,5.0,1.0,5.0,4.0,4.0,5.0,3.0,5.0,1.0,3.0,3.0,4.0,3.0,3.0,3.0,5.0,4.0,3.0,1.0,2.0,2.0,4.0,5.0
pocket-beagle,3.0,5.0,4.0,3.0,4.0,4.0,5.0,3.0,5.0,1.0,5.0,3.0,4.0,4.0,4.0,3.0,3.0,5.0,4.0,4.0,4.0,4.0,5.0,3.0,4.0,2.0,5.0,2.0,2.0,4.0,5.0
pointer,2.0,5.0,5.0,3.0,5.0,1.0,5.0,3.0,5.0,1.0,5.0,5.0,5.0,5.0,5.0,3.0,1.0,5.0,5.0,5.0,5.0,5.0,3.0,5.0,3.0,3.0,3.0,1.0,2.0,4.0,5.0
polish-lowland-sheepdog,4.0,4.0,4.0,2.0,3.0,4.0,5.0,1.0,3.0,1.0,1.0,4.0,4.0,4.0,3.0,4.0,2.0,4.0,4.0,3.0,3.0,4.0,3.0,3.0,4.0,3.0,2.0,3.0,4.0,4.0,3.0
pomeranian,3.0,3.0,3.0,3.0,3.0,4.0,5.0,4.0,2.0,1.0,2.0,4.0,3.0,2.0,3.0,3.0,4.0,2.0,4.0,2.0,2.0,3.0,4.0,2.0,4.0,1.0,5.0,1.0,4.0,2.0,1.0
pomsky,3.0,3.0,3.0,3.0,4.0,5.0,5.0,4.0,3.0,1.0,2.0,3.0,4.0,3.0,3.0,3.0,2.0,2.0,4.0,2.0,3.0,4.0,3.0,4.0,4.0,2.0,5.0,1.0,5.0,3.0,2.0
poodle,4.0,5.0,4.0,2.0,4.0,5.0,5.0,1.0,4.0,1.0,1.0,5.0,4.0,4.0,4.0,2.0,5.0,5.0,5.0,3.0,4.0,5.0,4.0,2.0,4.0,4.0,2.0,1.0,3.0,4.0,3.0
portuguese-water-dog,3.0,5.0,5.0,2.0,4.0,4.0,5.0,1.0,5.0,1.0,2.0,4.0,5.0,5.0,3.0,4.0,3.0,5.0,5.0,3.0,5.0,5.0,3.0,3.0,4.0,3.0,3.0,2.0,4.0,3.0,3.0
pug,3.0,4.0,4.0,3.0,2.0,5.0,5.0,5.0,4.0,1.0,5.0,3.0,3.0,3.0,4.0,1.0,5.0,4.0,2.0,4.0,2.0,5.0,5.0,3.0,3.0,2.0,2.0,1.0,2.0,1.0,2.0
puggle,4.0,5.0,3.0,3.0,3.0,4.0,3.0,3.0,5.0,1.0,5.0,2.0,3.0,3.0,5.0,4.0,5.0,5.0,3.0,2.0,3.0,3.0,5.0,2.0,3.0,2.0,4.0,3.0,3.0,3.0,5.0
puli,3.0,4.0,5.0,2.0,4.0,4.0,5.0,1.0,5.0,1.0,1.0,2.0,5.0,5.0,2.0,5.0,1.0,5.0,4.0,5.0,3.0,5.0,3.0,4.0,4.0,3.0,4.0,2.0,4.0,3.0,5.0
pyrenean-shepherd,3.0,4.0,5.0,2.0,3.0,5.0,5.0,3.0,2.0,1.0,3.0,2.0,4.0,5.0,2.0,2.0,2.0,5.0,4.0,5.0,3.0,5.0,3.0,4.0,4.0,2.0,5.0,1.0,4.0,3.0,2.0
rat-terrier,3.0,4.0,5.0,3.0,3.0,5.0,4.0,4.0,3.0,1.0,5.0,5.0,5.0,4.0,4.0,4.0,3.0,5.0,4.0,4.0,2.0,5.0,3.0,4.0,4.0,1.0,1.0,3.0,1.0,4.0,4.0
redbone-coonhound,3.0,4.0,5.0,3.0,4.0,4.0,5.0,2.0,4.0,4.0,5.0,3.0,4.0,5.0,3.0,3.0,2.0,5.0,4.0,4.0,4.0,5.0,3.0,4.0,5.0,3.0,4.0,2.0,3.0,2.0,5.0
rhodesian-ridgeback,3.0,4.0,5.0,4.0,3.0,1.0,5.0,4.0,4.0,1.0,5.0,2.0,4.0,5.0,3.0,4.0,2.0,4.0,4.0,4.0,3.0,5.0,3.0,5.0,4.0,4.0,1.0,2.0,3.0,3.0,5.0
rottweiler,2.0,4.0,4.0,4.0,4.0,2.0,5.0,4.0,2.0,4.0,5.0,4.0,4.0,4.0,4.0,2.0,1.0,4.0,5.0,4.0,3.0,5.0,5.0,4.0,4.0,3.0,4.0,1.0,2.0,3.0,2.0
saint-bernard,3.0,5.0,3.0,4.0,2.0,3.0,5.0,4.0,5.0,5.0,2.0,2.0,3.0,2.0,5.0,2.0,2.0,5.0,4.0,2.0,3.0,4.0,4.0,1.0,4.0,5.0,1.0,1.0,5.0,1.0,2.0
saluki,2.0,4.0,4.0,3.0,4.0,1.0,5.0,2.0,4.0,1.0,4.0,4.0,5.0,5.0,1.0,4.0,2.0,4.0,4.0,2.0,4.0,5.0,1.0,5.0,5.0,4.0,1.0,1.0,2.0,3.0,5.0
samoyed,3.0,5.0,4.0,3.0,4.0,2.0,5.0,5.0,5.0,2.0,1.0,3.0,5.0,5.0,5.0,3.0,2.0,5.0,3.0,2.0,3.0,5.0,4.0,5.0,4.0,3.0,3.0,2.0,5.0,1.0,4.0
schipperke,3.0,3.0,5.0,3.0,3.0,4.0,4.0,3.0,2.0,1.0,5.0,2.0,5.0,5.0,2.0,4.0,4.0,5.0,4.0,3.0,3.0,5.0,5.0,2.0,4.0,1.0,4.0,3.0,3.0,2.0,5.0
schnoodle,3.0,4.0,4.0,3.0,3.0,3.0,4.0,2.0,3.0,1.0,4.0,4.0,4.0,4.0,3.0,3.0,5.0,5.0,5.0,3.0,3.0,4.0,4.0,3.0,4.0,4.0,2.0,2.0,2.0,4.0,3.0
scottish-deerhound,3.0,4.0,5.0,3.0,3.0,1.0,5.0,5.0,2.0,1.0,2.0,2.0,5.0,5.0,5.0,3.0,1.0,4.0,3.0,5.0,4.0,5.0,4.0,5.0,3.0,5.0,1.0,2.0,4.0,4.0,4.0
scottish-terrier,3.0,4.0,4.0,2.0,3.0,4.0,5.0,2.0,4.0,1.0,2.0,1.0,4.0,4.0,4.0,4.0,2.0,4.0,4.0,4.0,3.0,4.0,3.0,3.0,4.0,2.0,4.0,3.0,4.0,3.0,5.0
sealyham-terrier,4.0,4.0,4.0,3.0,3.0,4.0,4.0,4.0,4.0,3.0,1.0,3.0,4.0,4.0,3.0,5.0,4.0,4.0,4.0,2.0,2.0,4.0,3.0,2.0,4.0,2.0,2.0,2.0,4.0,3.0,3.0
shetland-sheepdog,3.0,5.0,4.0,3.0,3.0,2.0,5.0,5.0,4.0,1.0,2.0,5.0,4.0,4.0,5.0,4.0,3.0,5.0,5.0,2.0,1.0,4.0,3.0,3.0,5.0,1.0,1.0,2.0,4.0,3.0,2.0
shiba-inu,4.0,3.0,3.0,3.0,4.0,5.0,4.0,4.0,3.0,1.0,4.0,2.0,4.0,3.0,3.0,3.0,4.0,3.0,4.0,2.0,4.0,3.0,2.0,3.0,3.0,2.0,4.0,5.0,4.0,3.0,4.0
shih-tzu,3.0,5.0,3.0,2.0,3.0,5.0,5.0,3.0,4.0,1.0,1.0,3.0,2.0,2.0,5.0,3.0,5.0,4.0,4.0,3.0,4.0,4.0,4.0,4.0,3.0,1.0,2.0,3.0,3.0,1.0,2.0
siberian-husky,3.0,5.0,5.0,3.0,4.0,2.0,5.0,3.0,5.0,3.0,2.0,2.0,5.0,5.0,5.0,4.0,1.0,5.0,3.0,3.0,4.0,5.0,2.0,3.0,4.0,3.0,5.0,1.0,5.0,3.0,5.0
silken-windhound,4.0,4.0,4.0,3.0,4.0,4.0,5.0,2.0,3.0,2.0,4.0,5.0,4.0,4.0,4.0,4.0,4.0,4.0,4.0,2.0,3.0,5.0,2.0,5.0,4.0,3.0,1.0,2.0,4.0,4.0,4.0
silky-terrier,3.0,3.0,4.0,3.0,4.0,5.0,4.0,2.0,2.0,1.0,4.0,4.0,4.0,3.0,3.0,4.0,3.0,3.0,4.0,4.0,2.0,4.0,3.0,5.0,3.0,1.0,4.0,3.0,1.0,4.0,3.0
skye-terrier,4.0,4.0,4.0,3.0,4.0,4.0,4.0,3.0,2.0,1.0,3.0,2.0,3.0,3.0,5.0,5.0,4.0,4.0,4.0,4.0,3.0,4.0,3.0,4.0,3.0,2.0,4.0,2.0,4.0,4.0,4.0
sloughi,3.0,4.0,4.0,3.0,3.0,4.0,5.0,3.0,4.0,1.0,5.0,3.0,5.0,5.0,3.0,3.0,2.0,5.0,4.0,3.0,3.0,3.0,2.0,5.0,4.0,4.0,2.0,3.0,2.0,3.0,3.0
small-munsterlander-pointer,3.0,5.0,5.0,3.0,4.0,1.0,5.0,3.0,5.0,1.0,3.0,5.0,4.0,5.0,4.0,5.0,2.0,5.0,5.0,5.0,3.0,4.0,3.0,5.0,3.0,3.0,3.0,4.0,5.0,3.0,4.0
soft-coated-wheaten-terrier,3.0,5.0,4.0,3.0,3.0,5.0,5.0,2.0,5.0,1.0,3.0,4.0,4.0,4.0,5.0,4.0,4.0,5.0,4.0,3.0,2.0,5.0,3.0,3.0,4.0,3.0,3.0,2.0,2.0,3.0,4.0
stabyhoun,3.0,4.0,4.0,3.0,4.0,2.0,5.0,3.0,4.0,1.0,3.0,5.0,3.0,4.0,3.0,5.0,3.0,5.0,5.0,4.0,1.0,5.0,3.0,4.0,4.0,3.0,3.0,3.0,2.0,2.0,3.0
staffordshire-bull-terrier,2.0,4.0,4.0,3.0,3.0,3.0,5.0,3.0,1.0,3.0,5.0,2.0,3.0,4.0,5.0,3.0,1.0,5.0,3.0,3.0,2.0,5.0,4.0,2.0,4.0,2.0,3.0,2.0,3.0,1.0,4.0
standard-schnauzer,3.0,3.0,5.0,2.0,4.0,4.0,4.0,1.0,3.0,1.0,2.0,3.0,5.0,5.0,2.0,5.0,2.0,4.0,5.0,3.0,3.0,5.0,1.0,5.0,4.0,3.0,2.0,2.0,4.0,4.0,5.0
sussex-spaniel,4.0,5.0,2.0,3.0,3.0,5.0,5.0,3.0,5.0,1.0,4.0,3.0,2.0,2.0,5.0,4.0,5.0,5.0,5.0,1.0,2.0,4.0,5.0,1.0,5.0,2.0,4.0,1.0,5.0,5.0,1.0
swedish-vallhund,3.0,4.0,5.0,4.0,3.0,3.0,5.0,4.0,3.0,1.0,5.0,5.0,5.0,5.0,5.0,4.0,1.0,4.0,5.0,3.0,2.0,5.0,4.0,4.0,3.0,3.0,1.0,3.0,4.0,3.0,3.0
tibetan-mastiff,3.0,4.0,3.0,3.0,3.0,1.0,5.0,2.0,5.0,2.0,4.0,1.0,4.0,2.0,2.0,3.0,1.0,5.0,5.0,2.0,5.0,5.0,4.0,3.0,5.0,5.0,2.0,1.0,5.0,2.0,3.0
tibetan-spaniel,3.0,4.0,4.0,3.0,4.0,5.0,5.0,3.0,4.0,1.0,4.0,4.0,3.0,4.0,3.0,5.0,4.0,5.0,4.0,3.0,3.0,4.0,3.0,3.0,5.0,1.0,4.0,1.0,1.0,2.0,3.0
tibetan-terrier,4.0,4.0,5.0,2.0,3.0,5.0,5.0,1.0,4.0,1.0,1.0,4.0,5.0,5.0,3.0,5.0,3.0,5.0,4.0,4.0,2.0,5.0,3.0,2.0,4.0,2.0,2.0,1.0,4.0,4.0,3.0
toy-fox-terrier,3.0,4.0,5.0,3.0,4.0,5.0,5.0,4.0,3.0,1.0,5.0,3.0,5.0,5.0,3.0,5.0,3.0,4.0,4.0,4.0,2.0,5.0,2.0,5.0,4.0,1.0,4.0,1.0,2.0,3.0,4.0
treeing-tennessee-brindle,2.0,4.0,4.0,4.0,3.0,1.0,4.0,4.0,4.0,3.0,5.0,3.0,4.0,5.0,3.0,4.0,2.0,4.0,4.0,4.0,3.0,3.0,3.0,4.0,3.0,3.0,1.0,2.0,3.0,3.0,1.0
treeing-walker-coonhound,3.0,4.0,4.0,4.0,4.0,1.0,4.0,3.0,3.0,2.0,5.0,2.0,4.0,5.0,3.0,4.0,2.0,4.0,4.0,4.0,3.0,3.0,3.0,4.0,5.0,4.0,5.0,2.0,3.0,3.0,5.0
vizsla,3.0,5.0,5.0,3.0,4.0,1.0,5.0,2.0,5.0,1.0,5.0,5.0,5.0,5.0,5.0,4.0,3.0,5.0,4.0,4.0,4.0,5.0,2.0,2.0,5.0,3.0,5.0,1.0,1.0,4.0,5.0
weimaraner,3.0,4.0,5.0,4.0,4.0,1.0,5.0,4.0,3.0,4.0,5.0,4.0,5.0,5.0,3.0,3.0,2.0,4.0,5.0,5.0,5.0,5.0,2.0,5.0,5.0,4.0,2.0,1.0,3.0,4.0,5.0
welsh-springer-spaniel,4.0,4.0,5.0,3.0,4.0,4.0,5.0,3.0,4.0,1.0,4.0,5.0,5.0,5.0,3.0,4.0,4.0,5.0,5.0,4.0,3.0,4.0,4.0,3.0,5.0,3.0,5.0,1.0,4.0,4.0,5.0
welsh-terrier,3.0,5.0,5.0,3.0,4.0,3.0,4.0,2.0,5.0,1.0,2.0,3.0,5.0,5.0,4.0,5.0,3.0,5.0,5.0,5.0,2.0,5.0,3.0,5.0,3.0,2.0,4.0,2.0,2.0,2.0,4.0
west-highland-white-terrier,4.0,4.0,4.0,3.0,4.0,4.0,5.0,4.0,5.0,1.0,3.0,4.0,4.0,4.0,3.0,3.0,4.0,4.0,4.0,4.0,2.0,4.0,4.0,4.0,4.0,2.0,4.0,2.0,4.0,3.0,3.0
whippet,3.0,5.0,4.0,3.0,4.0,5.0,5.0,2.0,4.0,1.0,5.0,4.0,5.0,5.0,4.0,4.0,3.0,5.0,4.0,2.0,4.0,5.0,1.0,5.0,5.0,3.0,1.0,2.0,1.0,4.0,4.0
wirehaired-pointing-griffon,3.0,5.0,4.0,3.0,4.0,1.0,5.0,1.0,4.0,1.0,3.0,5.0,5.0,4.0,5.0,4.0,3.0,5.0,5.0,3.0,3.0,5.0,3.0,4.0,4.0,3.0,4.0,1.0,4.0,3.0,4.0
xoloitzuintli,3.0,3.0,3.0,4.0,4.0,5.0,5.0,5.0,2.0,1.0,5.0,3.0,3.0,3.0,1.0,5.0,1.0,3.0,5.0,3.0,3.0,3.0,3.0,5.0,5.0,3.0,5.0,1.0,3.0,3.0,5.0
yorkipoo,4.0,4.0,4.0,2.0,4.0,5.0,5.0,1.0,3.0,1.0,4.0,4.0,5.0,3.0,2.0,3.0,5.0,4.0,4.0,3.0,3.0,4.0,2.0,3.0,4.0,1.0,5.0,3.0,2.0,3.0,2.0
yorkshire-terrier,3.0,3.0,5.0,2.0,3.0,5.0,4.0,2.0,3.0,1.0,1.0,3.0,5.0,4.0,2.0,4.0,4.0,2.0,3.0,4.0,2.0,5.0,2.0,2.0,5.0,1.0,3.0,2.0,2.0,2.0,3.0
